PRAGMA foreign_keys=OFF;
BEGIN TRANSACTION;
CREATE TABLE IF NOT EXISTS "migrations" ("id" integer primary key autoincrement not null, "migration" varchar not null, "batch" integer not null);
INSERT INTO migrations VALUES(1,'0001_01_01_000000_create_users_table',1);
INSERT INTO migrations VALUES(2,'0001_01_01_000001_create_cache_table',1);
INSERT INTO migrations VALUES(3,'0001_01_01_000002_create_jobs_table',1);
INSERT INTO migrations VALUES(4,'2024_09_20_170715_create_personal_access_tokens_table',1);
INSERT INTO migrations VALUES(5,'2024_09_20_172413_create_projects_table',1);
INSERT INTO migrations VALUES(6,'2024_09_20_172455_create_timesheets_table',1);
CREATE TABLE IF NOT EXISTS "users" ("id" integer primary key autoincrement not null, "first_name" varchar not null, "last_name" varchar not null, "gender" varchar check ("gender" in ('male', 'female')) not null, "date_of_birth" date not null, "email" varchar not null, "email_verified_at" datetime, "password" varchar not null, "remember_token" varchar, "created_at" datetime, "updated_at" datetime);
INSERT INTO users VALUES(1,'Test','User','male','1990-11-03','testuser@gmail.com',NULL,'$2y$12$d8YpsVFWnPluKkLhcVR40OlfJ.2ibXi5G1BFSmyy7xvMX66wxAU5q',NULL,'2024-09-21 12:43:12','2024-09-21 12:43:12');
INSERT INTO users VALUES(2,'Renuka','P','female','1991-11-04','renuka3933@gmail.com',NULL,'$2y$12$T.ogA3LgV//DEOyI3vyYSOkgdGHdy6CEtbLrAwabaikSc9X6nQEl2',NULL,'2024-09-21 12:44:10','2024-09-21 12:44:59');
INSERT INTO users VALUES(3,'Renuka','Pahade','female','1991-11-03','renuka392@gmail.com',NULL,'$2y$12$/Vfl7Sa2g1DWnPPQTz4/lOtzKvSwNupB1Bx/1S69TY3abDNCIKW.O',NULL,'2024-09-21 12:44:19','2024-09-21 12:44:19');
INSERT INTO users VALUES(4,'Renuka','Pahade','female','1991-11-03','renuka393@gmail.com',NULL,'$2y$12$/J1JbTflLqHC8NfCNkmbgeHg537il0My7uztIJFfE0rfl28SL/Tfu',NULL,'2024-09-21 12:44:22','2024-09-21 12:44:22');
INSERT INTO users VALUES(6,'Renuka','Pahade','female','1991-11-03','renuka395@gmail.com',NULL,'$2y$12$A2fayQhal.hkPgmynwyoye0rB9yAEK1fn97pYJk7p7a.V25I0NBAG',NULL,'2024-09-21 12:44:29','2024-09-21 12:44:29');
CREATE TABLE IF NOT EXISTS "password_reset_tokens" ("email" varchar not null, "token" varchar not null, "created_at" datetime, primary key ("email"));
CREATE TABLE IF NOT EXISTS "sessions" ("id" varchar not null, "user_id" integer, "ip_address" varchar, "user_agent" text, "payload" text not null, "last_activity" integer not null, primary key ("id"));
CREATE TABLE IF NOT EXISTS "cache" ("key" varchar not null, "value" text not null, "expiration" integer not null, primary key ("key"));
CREATE TABLE IF NOT EXISTS "cache_locks" ("key" varchar not null, "owner" varchar not null, "expiration" integer not null, primary key ("key"));
CREATE TABLE IF NOT EXISTS "jobs" ("id" integer primary key autoincrement not null, "queue" varchar not null, "payload" text not null, "attempts" integer not null, "reserved_at" integer, "available_at" integer not null, "created_at" integer not null);
CREATE TABLE IF NOT EXISTS "job_batches" ("id" varchar not null, "name" varchar not null, "total_jobs" integer not null, "pending_jobs" integer not null, "failed_jobs" integer not null, "failed_job_ids" text not null, "options" text, "cancelled_at" integer, "created_at" integer not null, "finished_at" integer, primary key ("id"));
CREATE TABLE IF NOT EXISTS "failed_jobs" ("id" integer primary key autoincrement not null, "uuid" varchar not null, "connection" text not null, "queue" text not null, "payload" text not null, "exception" text not null, "failed_at" datetime not null default CURRENT_TIMESTAMP);
CREATE TABLE IF NOT EXISTS "personal_access_tokens" ("id" integer primary key autoincrement not null, "tokenable_type" varchar not null, "tokenable_id" integer not null, "name" varchar not null, "token" varchar not null, "abilities" text, "last_used_at" datetime, "expires_at" datetime, "created_at" datetime, "updated_at" datetime);
INSERT INTO personal_access_tokens VALUES(1,'App\Models\User',1,'authToken','b223abbcbe0102d7386685997dee4a703528702379edf21fa7483d66af8b48e6','["*"]','2024-09-21 13:02:12',NULL,'2024-09-21 12:43:19','2024-09-21 13:02:12');
CREATE TABLE IF NOT EXISTS "projects" ("id" integer primary key autoincrement not null, "name" varchar not null, "department" varchar not null, "start_date" date not null, "end_date" date not null, "status" varchar not null, "created_at" datetime, "updated_at" datetime);
INSERT INTO projects VALUES(1,'Project Beta','Design','2024-01-01','2024-12-31','completed','2024-09-21 12:46:36','2024-09-21 12:46:36');
INSERT INTO projects VALUES(3,'Project MVP','Manufacturing','2024-03-01','2024-11-01','ongoing','2024-09-21 12:49:44','2024-09-21 12:49:44');
CREATE TABLE IF NOT EXISTS "timesheets" ("id" integer primary key autoincrement not null, "task_name" varchar not null, "date" date not null, "hours" integer not null, "user_id" integer not null, "project_id" integer not null, "created_at" datetime, "updated_at" datetime, foreign key("user_id") references "users"("id") on delete cascade, foreign key("project_id") references "projects"("id") on delete cascade);
INSERT INTO timesheets VALUES(1,'Development Task 1 Updated','2024-09-21',7,1,3,'2024-09-21 12:59:23','2024-09-21 13:02:12');
INSERT INTO timesheets VALUES(2,'Development Task 2','2024-09-21',8,2,1,'2024-09-21 12:59:29','2024-09-21 12:59:29');
INSERT INTO timesheets VALUES(3,'Development Task 2','2024-09-22',8,2,1,'2024-09-21 12:59:33','2024-09-21 12:59:33');
INSERT INTO timesheets VALUES(4,'Development Task 1','2024-09-23',8,3,3,'2024-09-21 13:00:08','2024-09-21 13:00:08');
INSERT INTO timesheets VALUES(5,'Development Task 2','2024-09-23',8,3,3,'2024-09-21 13:00:12','2024-09-21 13:00:12');
INSERT INTO timesheets VALUES(6,'Development Task 3','2024-09-23',8,3,3,'2024-09-21 13:00:15','2024-09-21 13:00:15');
INSERT INTO timesheets VALUES(7,'Development Task 4','2024-09-24',8,3,3,'2024-09-21 13:00:20','2024-09-21 13:00:20');
DELETE FROM sqlite_sequence;
INSERT INTO sqlite_sequence VALUES('migrations',6);
INSERT INTO sqlite_sequence VALUES('users',6);
INSERT INTO sqlite_sequence VALUES('personal_access_tokens',1);
INSERT INTO sqlite_sequence VALUES('projects',3);
INSERT INTO sqlite_sequence VALUES('timesheets',7);
CREATE UNIQUE INDEX "users_email_unique" on "users" ("email");
CREATE INDEX "sessions_user_id_index" on "sessions" ("user_id");
CREATE INDEX "sessions_last_activity_index" on "sessions" ("last_activity");
CREATE INDEX "jobs_queue_index" on "jobs" ("queue");
CREATE UNIQUE INDEX "failed_jobs_uuid_unique" on "failed_jobs" ("uuid");
CREATE INDEX "personal_access_tokens_tokenable_type_tokenable_id_index" on "personal_access_tokens" ("tokenable_type", "tokenable_id");
CREATE UNIQUE INDEX "personal_access_tokens_token_unique" on "personal_access_tokens" ("token");
COMMIT;
